Id,Pawpularity
4128bae22183829d2b5fea10effdb0c3,30.787832591147453
43a2262d7738e3d420d453815151079e,31.03630629825416
4e429cead1848a298432a0acad014c9d,30.787832591147453
80bc3ccafcc51b66303c2c263aa38486,30.71481202409877
8f49844c382931444e68dffbe20228f4,31.285576830555097
b03f7041962238a7c9d6537e22f9b017,30.87759636118728
c978013571258ed6d4637f6e8cc9d6a3,30.854034527215923
e0de453c1bffc20c22b072b34b54e50f,31.03630629825416
